{
	"id": "29de94ef-0c74-4d5b-b04a-35f16675847b",
	"name": "Assessment 1",
	"values": [
		{
			"key": "password",
			"value": "password",
			"enabled": true
		},
		{
			"key": "firstUserAvailable",
			"value": "true",
			"enabled": true
		},
		{
			"key": "firstUserExists",
			"value": "false",
			"enabled": true
		},
		{
			"key": "firstUser",
			"value": "mboren",
			"enabled": true
		},
		{
			"key": "firstUserJoined",
			"value": "2017-11-17T15:15:21.952Z",
			"enabled": true
		},
		{
			"key": "firstUserFirstName",
			"value": "Michael",
			"enabled": true
		},
		{
			"key": "firstUserLastName",
			"value": "Boren",
			"enabled": true
		},
		{
			"key": "firstUserEmail",
			"value": "mboren@cooksys.com",
			"enabled": true
		},
		{
			"key": "firstUserPhone",
			"value": "(901)907-7909",
			"enabled": true
		},
		{
			"key": "firstUserTweet",
			"value": "Tweet from the first user! @{{secondUser}} #{{firstTag}}",
			"enabled": true
		},
		{
			"key": "firstUserReply",
			"value": "Noice man!",
			"enabled": true
		},
		{
			"key": "secondUserAvailable",
			"value": "true",
			"enabled": true
		},
		{
			"key": "secondUserExists",
			"value": "false",
			"enabled": true
		},
		{
			"key": "secondUser",
			"value": "wmarttala",
			"enabled": true
		},
		{
			"key": "secondUserJoined",
			"value": "2017-11-17T15:15:22.393Z",
			"enabled": true
		},
		{
			"key": "secondUserFirstName",
			"value": "Will",
			"enabled": true
		},
		{
			"key": "secondUserLastName",
			"value": "Marttala",
			"enabled": true
		},
		{
			"key": "secondUserEmail",
			"value": "wmarttala@cooksys.com",
			"enabled": true
		},
		{
			"key": "secondUserPhone",
			"value": "(901)938-1838",
			"enabled": true
		},
		{
			"key": "secondUserTweet",
			"value": "Tweet from the second user! @{{firstUser}} #{{secondTag}}",
			"enabled": true
		},
		{
			"key": "firstTag",
			"value": "weAreNumber1",
			"enabled": true
		},
		{
			"key": "secondTag",
			"value": "youAreNumber1",
			"enabled": true
		},
		{
			"key": "booleanSchema",
			"value": "{\n    type: 'boolean',\n    description: 'A boolean value'\n}",
			"enabled": true
		},
		{
			"key": "userSchema",
			"value": "{\n    type: 'object',\n    description: 'A user dto',\n    properties: {\n        username: { type: 'string'},\n        profile: {\n            type: 'object',\n            properties: {\n                firstName: { type: 'string' },\n                lastName: { type: 'string' },\n                email: { type: 'string' },\n                phone: { type: 'string' }\n            },\n            required: ['email']\n        },\n        joined: { type: 'string' }\n    },\n    required: [ 'username', 'joined', 'profile' ]\n}",
			"enabled": true
		},
		{
			"key": "tweetSchema",
			"value": "{\n    type: 'object',\n    properties: {\n        id: { type: 'number' },\n        $recursiveAnchor: true,\n        author: {\n            type: 'object',\n            $ref: pm.environment.get('userSchema')\n        },\n        posted: { type: 'string' },\n        content: { type: 'string' },\n        inReplyTo: {\n            type: 'object',\n            $recursiveRef: '#'\n        },\n        repostOf: {\n            type: 'object',\n            $recursiveRef: '#'\n        }\n    },\n    required: ['id', 'posted', 'author']\n}",
			"enabled": true
		},
		{
			"key": "hashtagSchema",
			"value": "{\n    type: 'object',\n    properties: {\n        label: { type: 'string' },\n        firstUsed: { type: 'string' },\n        lastUsed: { type: 'string' }\n    },\n    required: ['label', 'firstUsed', 'lastUsed']\n}",
			"enabled": true
		},
		{
			"key": "firstTweetId",
			"value": "",
			"enabled": true
		},
		{
			"key": "secondTweetId",
			"value": "",
			"enabled": true
		},
		{
			"key": "firstUserReplyId",
			"value": "",
			"enabled": true
		}
	],
	"_postman_variable_scope": "environment",
	"_postman_exported_at": "2022-05-20T17:33:39.703Z",
	"_postman_exported_using": "Postman/9.16.0"
}